{
  "total_deposited": 3570.384946935236,
  "start_date": 1764460800,
  "historical_spend": 2949.300680015236,
  "monthly_history": {
    "Dec 2023": 3.4047909999999995,
    "Jan 2024": 2.5795090000000003,
    "Feb 2024": 2.2045719999999998,
    "Mar 2024": 0.8148280000000001,
    "Apr 2024": 0.28726,
    "May 2024": 2.7276105999999998,
    "Jun 2024": 6.386288500000002,
    "Jul 2024": 14.9196721,
    "Aug 2024": 85.00705389999999,
    "Sep 2024": 33.48317325000001,
    "Oct 2024": 29.24936195,
    "Nov 2024": 51.004892838058396,
    "Dec 2024": 58.318425928298915,
    "Jan 2025": 59.89073441652286,
    "Feb 2025": 129.4841781923571,
    "Mar 2025": 131.17556485999998,
    "Apr 2025": 249.37057639999995,
    "May 2025": 76.53055628999998,
    "Jun 2025": 113.335996,
    "Jul 2025": 88.83819150000001,
    "Aug 2025": 154.65372671,
    "Sep 2025": 226.04909917999998,
    "Oct 2025": 456.4109894100001,
    "Nov 2025": 986.19074801
  },
  "last_alert_sent": 0
}